,Country Name,Country Code,1991,1992,1993,1994,1995,1996,1997,1998,1999,2000,2001,2002,2003,2004,2005,2006,2007,2008,2009,2010,2011,2012,2013,2014,2015,2016,2017,2018,2019,2020,2021,code_3,continent,sub_region,average,91-20,20-21,21-22
0,Afghanistan,AFG,10.65,10.82,10.72,10.73,11.18,10.96,10.78,10.8,10.81,10.81,10.81,11.26,11.14,10.99,11.22,11.1,11.3,11.09,11.31,11.35,11.05,11.34,11.19,11.14,11.13,11.16,11.18,11.15,11.22,11.71,13.28,AFG,Asia,Southern Asia,11.141290322580646,-0.16000000000000014,-0.5399999999999991,-0.3600000000000012
1,Albania,ALB,10.31,30.01,25.26,20.84,14.61,13.93,16.88,20.05,20.84,19.03,18.58,17.9,16.99,16.31,15.97,15.63,15.97,13.06,13.67,14.09,13.48,13.38,15.87,18.05,17.19,15.42,13.62,12.3,11.47,13.33,11.82,ALB,Europe,Southern Europe,16.318064516129038,-8.72,4.940000000000001,0.7599999999999998
2,Algeria,DZA,20.6,24.38,26.23,27.74,31.84,28.53,25.43,26.66,28.3,29.77,27.3,25.9,23.72,17.65,15.27,12.27,13.79,11.33,10.16,9.96,9.96,10.97,9.82,10.21,11.21,10.2,10.33,10.42,10.51,12.55,12.7,DZA,Africa,Northern Africa,17.926129032258057,-9.169999999999998,19.81,-2.59
3,Angola,AGO,4.21,4.21,4.23,4.16,4.11,4.1,4.09,4.07,4.05,4.03,4.0,3.96,3.96,3.92,3.88,3.86,3.82,3.79,3.78,9.43,7.36,7.35,7.37,7.37,7.39,7.41,7.41,7.42,7.42,8.33,8.53,AGO,Africa,Middle Africa,5.452258064516129,0.17999999999999972,-5.3999999999999995,1.0999999999999996
4,Argentina,ARG,5.44,6.36,10.1,11.76,18.8,17.11,14.82,12.65,14.05,15.0,17.32,19.59,15.36,13.52,11.51,10.08,8.47,7.84,8.65,7.71,7.18,7.22,7.1,7.27,7.52,8.11,8.35,9.22,9.84,11.46,10.9,ARG,Americas,South America,10.977741935483873,-9.559999999999999,7.29,-3.750000000000001
5,Armenia,ARM,1.6,1.8,5.3,6.6,6.7,9.3,10.8,9.4,11.2,11.05,10.91,10.78,10.59,10.34,10.2,10.0,9.81,14.39,18.44,19.01,18.44,17.3,16.18,17.5,18.26,17.62,17.7,18.97,18.3,21.21,20.9,ARM,Asia,Western Asia,12.922580645161288,-9.450000000000001,-7.960000000000001,-2.1999999999999993
6,Australia,AUS,9.58,10.73,10.87,9.72,8.47,8.51,8.36,7.68,6.87,6.28,6.74,6.37,5.93,5.39,5.03,4.78,4.38,4.23,5.56,5.21,5.08,5.22,5.66,6.08,6.05,5.71,5.59,5.3,5.16,6.46,5.11,AUS,Oceania,Australia and New Zealand,6.519677419354841,3.3,1.0700000000000003,-1.25
7,Austria,AUT,3.42,3.59,4.25,3.54,4.35,5.28,5.15,5.52,4.7,4.69,4.01,4.85,4.78,5.83,5.63,5.24,4.86,4.13,5.3,4.82,4.56,4.87,5.33,5.62,5.72,6.01,5.5,4.85,4.49,5.36,6.3,AUT,Europe,Western Europe,4.920967741935484,-1.2700000000000005,-0.1299999999999999,-0.54
8,Azerbaijan,AZE,0.9,1.8,4.5,6.3,7.2,8.1,9.1,10.0,10.9,11.78,10.91,10.04,9.17,7.99,7.26,6.62,6.33,5.86,5.74,5.63,5.42,5.19,4.97,4.91,4.96,5.0,5.0,4.9,4.85,6.46,6.58,AZE,Asia,Western Asia,6.592580645161291,-10.879999999999999,6.1499999999999995,-0.8300000000000001
9,"Bahamas, The",BHS,12.17,14.81,12.72,13.83,10.83,11.46,9.76,7.65,7.45,7.2,6.87,9.05,10.84,10.2,10.2,7.54,7.88,8.18,14.25,14.31,14.52,14.02,16.18,13.8,12.0,12.7,9.8,10.0,10.06,13.32,13.24,BHS,Americas,Caribbean,11.188387096774195,4.97,-7.11,0.9900000000000002
10,Bahrain,BHR,1.01,1.05,1.01,1.11,1.08,1.08,1.09,1.08,1.09,1.08,1.11,1.11,1.09,1.09,1.09,1.1,1.09,1.11,1.14,1.13,1.18,1.2,1.18,1.19,1.2,1.19,1.18,1.2,1.2,1.78,1.87,BHR,Asia,Western Asia,1.1648387096774193,-0.07000000000000006,-0.04999999999999982,-0.6500000000000001
11,Bangladesh,BGD,2.2,2.33,2.36,2.38,2.48,2.51,2.69,2.9,3.06,3.27,3.62,3.9,4.32,4.26,4.25,3.59,4.13,4.57,5.0,3.38,3.77,4.12,4.43,4.38,4.37,4.35,4.37,4.41,4.44,5.41,5.23,BGD,Asia,Southern Asia,3.7574193548387087,-1.0699999999999998,-0.10999999999999988,-2.0300000000000002
12,Barbados,BRB,22.67,22.94,24.54,22.98,19.66,14.71,14.61,12.4,10.61,9.35,9.85,10.32,11.0,9.57,9.08,8.73,7.41,8.12,10.02,10.69,11.19,11.59,11.55,12.17,9.8,8.25,8.62,8.32,8.41,10.38,10.41,BRB,Americas,Caribbean,12.256451612903227,13.320000000000002,-1.3399999999999999,0.3099999999999987
13,Belarus,BLR,0.6,3.1,8.5,12.8,17.7,24.4,17.1,14.0,12.8,12.26,11.55,10.91,10.32,9.82,9.06,8.4,7.67,7.03,6.1,6.25,6.17,6.05,6.01,5.99,5.84,5.84,5.65,4.76,4.16,4.77,4.74,BLR,Europe,Eastern Europe,8.720967741935485,-11.66,6.01,1.4800000000000004
14,Belgium,BEL,6.99,6.7,8.08,9.65,9.34,9.48,8.96,9.32,8.65,6.59,6.18,6.91,7.68,7.36,8.44,8.25,7.46,6.98,7.91,8.29,7.14,7.54,8.43,8.52,8.48,7.83,7.09,5.95,5.36,5.55,6.42,BEL,Europe,Western Europe,7.66225806451613,0.40000000000000036,-1.6999999999999993,2.7399999999999993
15,Belize,BLZ,9.7,9.69,9.78,11.1,12.48,13.82,12.68,14.31,12.84,10.85,9.07,10.04,10.24,10.59,10.91,9.39,8.51,8.18,8.25,8.24,8.28,8.31,8.35,8.24,7.58,7.0,6.6,6.64,6.71,8.46,8.22,BLZ,Americas,Central America,9.518064516129034,-1.1500000000000004,2.6099999999999994,-0.22000000000000064
16,Benin,BEN,1.49,1.51,1.41,1.36,1.25,1.18,1.1,1.02,0.94,0.85,0.77,0.69,0.74,0.77,0.82,0.86,0.89,0.94,1.0,1.04,2.65,2.47,2.29,2.13,2.01,1.83,1.64,1.47,1.47,1.58,1.57,BEN,Africa,Western Africa,1.3464516129032253,0.64,-0.19000000000000006,-0.54
17,Bhutan,BTN,1.41,1.45,1.41,1.43,1.45,1.42,1.4,1.4,1.4,1.59,1.9,1.89,1.8,2.49,3.1,3.13,3.7,3.65,3.96,3.32,3.23,2.05,2.87,2.63,2.45,2.49,2.45,2.44,2.5,3.65,4.33,BTN,Asia,Southern Asia,2.399677419354839,-0.18000000000000016,-1.7299999999999998,-0.33000000000000007
18,Bolivia,BOL,2.96,3.26,3.08,3.08,2.75,2.44,2.08,2.13,2.44,2.38,2.48,2.49,2.54,2.5,2.54,2.58,2.65,2.6,2.97,2.61,2.25,2.07,2.44,2.02,3.11,3.5,3.65,3.52,3.82,7.9,8.51,BOL,Americas,South America,3.0758064516129036,0.5800000000000001,-0.22999999999999998,-5.290000000000001
19,Bosnia and Herzegovina,BIH,17.55,18.3,19.32,20.71,21.77,22.77,23.61,24.49,25.09,25.78,26.61,27.55,28.36,29.37,30.41,31.11,28.98,23.41,24.07,27.31,27.58,28.01,27.49,27.52,27.69,25.41,20.53,18.4,15.69,15.27,15.22,BIH,Europe,Southern Europe,24.04451612903226,-8.23,-1.5299999999999976,12.04
20,Botswana,BWA,13.82,16.3,18.76,21.2,21.37,21.59,21.17,20.86,18.29,15.88,18.54,21.13,23.8,21.83,19.81,17.78,17.2,16.64,16.17,17.86,18.42,18.95,19.4,19.99,20.57,21.03,21.57,22.07,22.61,24.93,24.72,BWA,Africa,Southern Africa,19.814838709677424,-2.0600000000000005,-1.9799999999999986,-7.07
21,Brazil,BRA,6.31,6.42,6.03,6.17,6.42,7.25,8.16,9.42,10.21,9.56,9.61,9.37,9.99,9.11,9.57,8.64,8.33,7.34,8.52,7.27,6.92,7.19,6.98,6.66,8.43,11.6,12.82,12.33,11.93,13.69,14.4,BRA,Americas,South America,8.924193548387098,-3.250000000000001,2.290000000000001,-6.42
22,Brunei Darussalam,BRN,4.7,4.86,4.82,5.03,5.18,5.24,5.19,5.33,5.57,5.68,5.78,5.94,6.01,6.02,6.13,6.41,6.33,6.35,6.47,6.77,6.94,6.92,6.88,6.97,7.78,8.38,9.32,8.7,6.92,7.68,7.65,BRN,Asia,South-Eastern Asia,6.38548387096774,-0.9799999999999995,-1.0899999999999999,-0.9100000000000001
23,Bulgaria,BGR,11.1,15.3,16.4,12.8,11.1,12.5,13.7,12.2,14.1,16.22,19.92,18.11,13.73,12.04,10.08,8.95,6.88,5.61,6.82,10.28,11.26,12.27,12.94,11.42,9.14,7.57,6.16,5.21,4.23,5.12,5.42,BGR,Europe,Eastern Europe,10.921935483870968,-5.119999999999999,5.9399999999999995,5.159999999999999
24,Burkina Faso,BFA,2.58,2.61,2.58,2.58,2.53,2.47,2.47,2.44,2.51,2.61,2.65,2.73,2.78,3.41,4.0,3.65,3.3,3.41,3.56,3.64,3.79,3.91,4.05,4.19,4.32,4.43,4.56,4.69,4.69,4.89,4.76,BFA,Africa,Western Africa,3.4448387096774202,-0.029999999999999805,-1.0300000000000002,-1.2499999999999996
25,Burundi,BDI,1.51,1.53,1.56,1.56,1.58,1.59,1.57,1.56,1.58,1.59,1.59,1.59,1.61,1.6,1.62,1.61,1.63,1.63,1.62,1.61,1.6,1.59,1.58,1.57,1.6,1.59,1.59,1.59,1.59,1.71,1.79,BDI,Africa,Eastern Africa,1.598064516129033,-0.08000000000000007,-0.020000000000000018,-0.09999999999999987
26,Cabo Verde,CPV,11.27,11.21,11.19,11.12,11.12,11.11,11.08,11.05,11.03,10.98,11.01,10.96,10.93,10.87,10.85,10.8,10.73,10.73,10.73,10.67,10.88,11.12,11.35,11.57,11.8,12.01,12.24,12.17,12.22,15.31,15.42,CPV,Africa,Western Africa,11.468709677419357,0.28999999999999915,0.3100000000000005,-4.640000000000001
27,Cambodia,KHM,0.73,0.75,0.8,1.33,0.78,0.84,0.91,0.94,0.9,0.97,1.03,1.1,1.11,1.13,1.13,1.21,1.26,0.82,0.58,0.77,0.58,0.51,0.44,0.69,0.39,0.72,0.14,0.14,0.15,0.33,0.61,KHM,Asia,South-Eastern Asia,0.7674193548387096,-0.24,0.19999999999999996,0.44
28,Cameroon,CMR,7.5,7.61,7.8,7.81,7.93,8.06,7.93,7.82,7.7,7.59,7.46,6.7,5.93,5.14,4.4,3.73,3.06,3.41,3.77,4.11,3.96,3.82,3.67,3.53,3.55,3.58,3.6,3.62,3.64,3.84,3.87,CMR,Africa,Middle Africa,5.359354838709678,-0.08999999999999986,3.4799999999999995,0.27000000000000046
29,Canada,CAN,10.32,11.2,11.38,10.4,9.49,9.62,9.1,8.28,7.58,6.83,7.22,7.66,7.57,7.19,6.76,6.32,6.04,6.14,8.34,8.06,7.51,7.29,7.07,6.91,6.91,7.0,6.34,5.83,5.66,9.46,7.51,CAN,Americas,Northern America,7.838387096774191,3.49,-1.2300000000000004,-1.4000000000000004
30,Central African Republic,CAF,5.62,5.69,5.72,5.72,5.7,5.74,5.76,5.71,5.68,5.61,5.69,5.8,5.81,5.72,5.7,5.66,5.61,5.47,5.49,5.67,5.61,5.55,5.52,5.53,5.61,5.65,5.65,5.61,5.62,6.36,6.57,CAF,Africa,Middle Africa,5.704838709677421,0.009999999999999787,-0.05999999999999961,-0.6900000000000004
31,Chad,TCD,0.68,0.68,0.7,0.69,0.72,0.73,0.75,0.76,0.79,0.81,0.81,0.83,0.84,0.84,0.87,0.91,0.93,0.94,0.96,0.96,1.0,1.01,1.03,1.05,1.07,1.1,1.12,1.13,1.12,1.74,1.88,TCD,Africa,Middle Africa,0.9500000000000001,-0.13,-0.1499999999999999,-0.78
32,Chile,CHL,5.23,4.35,4.49,5.87,4.7,7.41,7.14,7.31,11.16,10.49,10.39,10.17,9.77,10.16,9.34,9.02,8.43,9.29,11.31,8.42,7.34,6.66,6.21,6.66,6.51,6.74,6.96,7.23,7.29,11.18,9.13,CHL,Americas,South America,7.947096774193547,-5.26,2.0700000000000003,-2.76
33,China,CHN,2.37,2.37,2.69,2.9,3.0,3.12,3.23,3.24,3.25,3.26,3.8,4.24,4.58,4.49,4.52,4.43,4.35,4.59,4.72,4.53,4.55,4.57,4.59,4.61,4.63,4.53,4.44,4.28,4.52,5.0,4.82,CHN,Asia,Eastern Asia,4.007096774193548,-0.8899999999999997,-1.2700000000000005,-0.46999999999999975
34,Colombia,COL,10.12,9.44,7.8,8.25,8.72,11.81,12.14,15.0,20.06,20.52,15.04,14.48,13.22,12.74,11.06,11.29,10.25,10.49,11.29,10.98,10.11,9.74,9.05,8.57,8.3,8.69,8.87,9.11,9.96,15.04,14.34,COL,Americas,South America,11.499354838709678,-10.4,9.54,-4.059999999999999
35,Comoros,COM,5.11,4.99,4.99,5.0,4.91,4.9,4.83,4.81,4.77,4.68,4.69,4.65,4.61,4.57,4.92,5.28,5.64,5.98,6.34,6.69,7.05,7.41,7.76,8.14,8.14,8.1,8.09,8.08,8.08,9.22,9.45,COM,Africa,Eastern Africa,6.189677419354839,0.4300000000000006,-2.0100000000000007,-2.5300000000000002
36,"Congo, Dem. Rep.",COD,2.93,2.94,2.94,2.92,2.9,2.9,2.91,2.9,2.9,2.9,2.89,2.87,2.86,2.85,2.85,3.08,3.31,3.55,3.79,4.01,4.25,4.49,4.48,4.46,4.47,4.48,4.47,4.45,4.45,5.27,5.43,COD,Africa,Middle Africa,3.609677419354838,0.03000000000000025,-1.1099999999999999,-1.2599999999999998
37,"Congo, Rep.",COG,20.07,20.05,20.07,20.09,20.0,19.98,20.01,19.96,19.99,19.9,19.91,19.88,19.9,19.85,19.8,19.86,20.03,19.98,20.0,20.07,20.18,20.18,20.32,20.31,20.45,20.56,20.56,20.61,20.62,22.84,23.01,COG,Africa,Middle Africa,20.291612903225804,0.1700000000000017,-0.1700000000000017,-2.7699999999999996
38,Costa Rica,CRI,5.37,3.93,3.95,4.05,5.18,6.16,5.68,5.33,5.9,5.08,5.92,6.33,6.56,6.39,6.57,5.74,4.49,4.78,7.71,7.17,10.14,9.78,8.77,9.06,9.0,8.6,8.14,9.63,11.49,17.41,17.95,CRI,Americas,Central America,7.492258064516128,0.29000000000000004,-2.09,-10.24
39,Cote d'Ivoire,CIV,6.61,6.7,5.85,4.99,4.1,4.09,4.11,4.1,4.34,4.58,4.8,5.03,5.26,5.46,5.69,5.92,6.14,6.37,6.59,6.84,7.13,7.22,4.25,3.7,3.15,2.6,3.27,3.29,3.32,3.49,3.47,CIV,Africa,Western Africa,4.918064516129032,2.0300000000000002,-2.26,3.3499999999999996
40,Croatia,HRV,11.14,11.01,10.68,10.63,10.17,9.68,9.71,11.39,13.56,16.06,15.82,15.05,13.92,13.66,12.6,11.13,9.91,8.53,9.2,11.62,13.68,15.93,17.25,17.29,16.18,13.1,11.21,8.43,6.62,7.51,8.68,HRV,Europe,Southern Europe,11.979032258064517,-4.919999999999998,4.4399999999999995,4.109999999999999
41,Cuba,CUB,7.9,8.06,8.28,8.14,8.27,7.61,7.1,6.23,6.26,5.45,4.08,3.31,2.33,1.85,1.95,1.91,1.79,1.58,1.67,2.5,3.18,3.46,3.29,2.7,2.4,2.0,1.7,1.7,1.74,2.62,2.76,CUB,Americas,Caribbean,3.994193548387098,2.45,2.95,-0.1200000000000001
42,Cyprus,CYP,3.0,2.09,2.7,2.7,2.6,3.1,3.4,3.3,5.7,4.97,3.98,3.3,4.14,4.33,5.3,4.54,3.92,3.65,5.36,6.26,7.86,11.8,15.87,16.09,14.91,12.95,11.05,8.37,7.07,7.59,6.13,CYP,Asia,Western Asia,6.388064516129032,-1.9699999999999998,-1.29,-1.33
43,Czech Republic,CZE,2.27,2.6,4.32,4.3,4.02,3.89,4.27,5.9,8.49,8.76,7.99,7.02,7.54,8.21,7.93,7.15,5.32,4.39,6.66,7.28,6.71,6.98,6.95,6.11,5.05,3.95,2.89,2.24,2.01,2.55,2.89,CZE,Europe,Eastern Europe,5.3754838709677415,-6.49,1.4799999999999995,4.73
44,Denmark,DNK,9.1,9.03,10.72,8.04,6.99,6.84,5.4,5.04,5.14,4.48,4.16,4.27,5.4,5.2,4.83,3.9,3.8,3.68,6.41,7.75,7.77,7.8,7.38,6.93,6.28,5.99,5.83,5.13,5.02,5.64,4.8,DNK,Europe,Northern Europe,6.088709677419356,4.619999999999999,-3.2699999999999996,2.1100000000000003
45,Djibouti,DJI,29.36,29.2,29.19,29.02,28.94,28.84,28.7,28.58,28.43,28.34,28.22,28.08,27.96,27.85,27.72,27.57,27.44,27.31,27.22,27.06,26.89,26.78,26.64,26.48,26.33,26.19,26.06,26.19,26.36,28.39,28.39,DJI,Africa,Eastern Africa,27.73322580645161,1.0199999999999996,1.2800000000000011,-1.3300000000000018
46,Dominican Republic,DOM,6.35,6.2,6.27,6.36,6.33,6.34,6.31,6.36,6.39,6.43,7.26,6.78,6.94,6.3,6.59,5.65,5.16,4.76,5.47,5.21,6.09,6.72,7.35,6.72,7.61,7.28,5.83,5.86,6.36,6.13,8.5,DOM,Americas,Caribbean,6.384193548387097,-0.08000000000000007,1.2199999999999998,-0.9199999999999999
47,Ecuador,ECU,4.37,4.53,4.56,4.44,4.59,4.65,4.51,4.61,5.18,4.8,4.25,4.9,5.66,5.0,3.78,3.55,3.14,3.92,4.61,4.09,3.46,3.23,3.08,3.48,3.62,4.6,3.84,3.53,3.81,6.11,6.43,ECU,Americas,South America,4.333225806451614,-0.4299999999999997,0.71,-2.0200000000000005
48,"Egypt, Arab Rep.",EGY,9.38,8.92,10.92,10.93,11.04,9.0,8.37,8.03,7.95,8.98,9.26,10.01,11.01,10.32,11.2,10.49,8.8,8.52,9.09,8.76,11.85,12.6,13.15,13.1,13.05,12.41,11.74,9.82,7.84,9.17,9.33,EGY,Africa,Northern Africa,10.162580645161292,0.40000000000000036,0.22000000000000064,-0.41000000000000014
49,El Salvador,SLV,7.53,7.88,9.94,7.68,7.65,7.68,7.98,7.1,6.68,6.96,6.96,5.73,6.26,6.05,7.22,6.57,6.41,5.88,7.33,4.89,4.3,3.84,3.69,4.15,4.0,4.42,4.39,4.01,4.17,6.25,5.94,SLV,Americas,Central America,6.114193548387096,0.5700000000000003,2.0700000000000003,-1.3600000000000003
50,Equatorial Guinea,GNQ,8.13,8.27,8.37,8.43,8.47,8.53,8.56,8.5,8.49,8.45,8.57,8.71,8.77,8.71,8.75,8.71,8.65,8.5,8.55,8.82,8.73,8.61,8.51,8.48,8.54,8.63,8.65,8.62,8.68,9.9,9.24,GNQ,Africa,Middle Africa,8.629999999999999,-0.3199999999999985,-0.370000000000001,-1.08
51,Eritrea,ERI,5.32,5.54,5.73,5.9,6.04,6.07,6.08,6.01,5.95,5.88,5.77,5.7,5.58,5.37,5.26,5.26,5.25,5.17,5.24,5.49,5.52,5.53,5.58,5.67,5.83,5.9,5.94,5.95,5.99,7.86,8.05,ERI,Africa,Eastern Africa,5.820322580645162,-0.5599999999999996,0.3899999999999997,-2.37
52,Estonia,EST,1.47,3.68,6.54,7.56,9.66,9.92,10.37,9.51,11.57,13.36,13.13,10.03,11.29,10.25,8.03,5.91,4.59,5.45,13.55,16.71,12.33,10.02,8.63,7.35,6.19,6.76,5.76,5.37,4.45,6.8,6.33,EST,Europe,Northern Europe,8.47,-11.889999999999999,-3.3500000000000014,9.91
53,Eswatini,SWZ,21.81,21.76,21.73,21.71,21.65,22.08,22.5,23.08,23.65,24.24,24.83,25.36,25.94,26.52,27.07,27.64,28.24,27.68,27.05,26.41,25.81,25.15,24.55,23.97,23.33,22.72,22.75,22.79,22.84,25.51,25.76,SWZ,Africa,Southern Africa,24.391290322580645,-2.4299999999999997,-2.1700000000000017,0.8999999999999986
54,Ethiopia,ETH,3.08,3.1,3.05,3.1,3.21,3.31,3.47,3.62,3.71,3.51,3.3,3.13,2.94,2.69,2.5,2.47,2.43,2.41,2.38,2.34,2.31,2.29,2.25,2.26,2.27,2.29,2.3,2.32,2.33,3.24,3.69,ETH,Africa,Eastern Africa,2.816129032258064,-0.4299999999999997,1.17,-0.9000000000000004
55,Fiji,FJI,4.06,3.88,3.96,3.9,3.94,3.9,4.03,3.95,3.79,3.99,3.91,3.87,3.91,3.81,3.89,3.96,4.11,4.16,4.31,4.31,4.41,4.42,4.33,4.29,4.3,4.32,4.28,4.33,4.45,4.72,5.24,FJI,Oceania,Melanesia,4.152580645161291,0.0699999999999994,-0.3199999999999994,-0.41000000000000014
56,Finland,FIN,6.5,11.6,16.2,16.43,17.0,15.57,14.97,13.21,11.69,11.13,10.29,10.42,10.47,10.36,8.38,7.72,6.85,6.37,8.25,8.39,7.78,7.69,8.19,8.66,9.38,8.82,8.64,7.36,6.69,7.76,7.53,FIN,Europe,Northern Europe,10.009677419354835,-4.630000000000001,2.74,0.6300000000000008
57,France,FRA,9.13,10.21,11.32,12.59,11.84,12.37,12.57,12.07,11.98,10.22,8.61,8.7,8.31,8.91,8.49,8.45,7.66,7.06,8.74,8.87,8.81,9.4,9.92,10.29,10.35,10.05,9.41,9.02,8.41,8.01,8.06,FRA,Europe,Western Europe,9.671935483870968,-1.0899999999999999,1.3500000000000014,0.8599999999999994
58,French Polynesia,PYF,11.97,12.2,12.22,12.13,12.1,12.07,11.93,11.61,11.71,11.67,11.8,11.71,11.62,11.7,11.76,11.79,11.74,11.91,12.26,12.2,12.29,12.21,12.17,12.2,12.17,12.18,12.21,12.25,12.3,14.1,14.39,PYF,Oceania,Polynesia,12.147419354838709,0.3000000000000007,-0.5299999999999994,-1.9000000000000004
59,Gabon,GAB,17.78,17.87,17.78,17.72,17.63,17.58,17.48,17.43,17.49,17.34,17.23,17.17,17.07,17.01,16.91,17.67,18.28,19.09,19.76,20.39,20.43,20.49,20.52,20.57,20.61,20.67,20.72,20.75,20.74,21.97,22.26,GAB,Africa,Middle Africa,18.916451612903227,0.4400000000000013,-3.0500000000000007,-1.5799999999999983
60,"Gambia, The",GMB,8.83,8.86,8.9,8.95,8.97,8.99,9.0,9.04,9.05,9.08,9.11,9.22,9.16,9.19,9.29,9.3,9.3,9.3,9.32,9.36,9.51,9.42,9.45,9.5,9.47,9.5,9.48,9.48,9.5,11.08,11.21,GMB,Africa,Western Africa,9.349032258064515,-0.25,-0.27999999999999936,-1.7200000000000006
61,Georgia,GEO,2.7,5.4,5.4,8.4,7.6,11.5,11.5,14.53,13.8,10.82,11.16,12.59,11.51,12.62,13.81,13.57,13.28,17.87,20.71,20.2,19.63,19.65,19.42,17.44,16.51,16.6,13.94,12.67,11.57,18.5,10.66,GEO,Asia,Western Asia,13.405161290322583,-8.120000000000001,-9.379999999999999,1.6999999999999993
62,Germany,DEU,5.32,6.32,7.68,8.73,8.16,8.82,9.86,9.79,8.86,7.92,7.77,8.48,9.78,10.73,11.17,10.25,8.66,7.52,7.74,6.97,5.82,5.38,5.23,4.98,4.62,4.12,3.75,3.38,3.14,3.81,3.54,DEU,Europe,Western Europe,7.041935483870967,-2.5999999999999996,0.9500000000000002,3.1599999999999997
63,Ghana,GHA,3.49,4.7,5.27,5.86,6.44,7.02,7.61,8.2,10.1,10.46,9.5,8.53,7.56,6.59,5.62,4.64,4.84,4.99,5.22,5.38,5.6,5.91,6.2,6.52,6.81,5.53,4.22,4.28,4.32,4.65,4.7,GHA,Africa,Western Africa,6.153548387096774,-6.970000000000001,5.080000000000001,0.7299999999999995
64,Greece,GRC,7.66,7.84,8.61,8.86,9.06,9.66,9.58,10.84,11.85,11.25,10.46,9.97,9.41,10.31,9.99,9.01,8.4,7.76,9.62,12.71,17.86,24.44,27.47,26.49,24.9,23.54,21.49,19.29,17.31,16.3,14.8,GRC,Europe,Southern Europe,13.765806451612905,-3.59,-1.4600000000000009,-3.59
65,Guam,GUM,3.51,3.84,5.53,7.6,7.9,8.28,9.67,7.74,13.95,15.32,13.21,11.39,9.75,7.7,7.0,7.4,8.3,8.72,9.3,8.2,13.3,12.2,11.5,7.6,6.9,5.4,5.43,5.56,5.51,6.8,6.98,GUM,Oceania,Micronesia,8.435161290322583,-11.81,7.120000000000001,1.3999999999999995
66,Guatemala,GTM,2.59,2.57,2.61,2.62,2.61,2.68,2.65,2.65,2.7,2.72,2.78,2.75,2.81,2.97,3.05,3.06,3.11,3.31,3.51,3.5,3.09,2.76,3.02,2.72,2.51,2.58,2.46,2.28,2.19,3.55,3.57,GTM,Americas,Central America,2.8380645161290317,-0.13000000000000034,-0.7799999999999998,-0.04999999999999982
67,Guinea,GIN,4.45,4.46,4.45,4.47,4.48,4.49,4.49,4.52,4.53,4.55,4.55,4.55,4.62,4.63,4.65,4.7,4.67,4.72,4.81,4.77,4.79,4.82,4.87,4.9,4.92,4.88,4.91,4.98,5.02,6.1,6.34,GIN,Africa,Western Africa,4.7770967741935495,-0.09999999999999964,-0.21999999999999975,-1.33
68,Guinea-Bissau,GNB,6.19,6.3,6.35,6.36,6.34,6.39,6.41,6.35,6.32,6.25,6.3,6.38,6.37,6.25,6.21,6.14,6.06,5.89,5.9,6.08,5.98,5.87,5.81,5.8,5.87,5.95,5.99,5.98,6.04,6.74,6.76,GNB,Africa,Western Africa,6.1816129032258065,-0.05999999999999961,0.16999999999999993,-0.6600000000000001
69,Guyana,GUY,11.93,11.9,11.88,11.86,11.88,11.84,11.84,11.89,11.84,11.86,11.81,11.81,11.55,11.27,11.02,10.7,10.96,11.27,11.53,11.8,12.06,12.34,12.63,12.92,13.21,13.46,13.75,14.02,13.99,16.43,16.42,GUY,Americas,South America,12.376451612903226,0.07000000000000028,0.05999999999999872,-4.629999999999999
70,Haiti,HTI,7.51,7.59,7.55,7.61,7.26,7.3,7.28,7.25,7.2,8.4,9.63,10.83,12.0,13.32,14.42,15.69,16.8,16.34,15.66,15.38,14.53,14.1,14.0,13.95,13.96,13.93,13.88,13.86,13.91,15.45,15.73,HTI,Americas,Caribbean,12.01032258064516,-0.8900000000000006,-6.98,-0.06999999999999851
71,Honduras,HND,4.58,3.06,3.12,3.25,3.24,4.37,3.32,4.02,3.85,3.84,4.0,4.02,5.3,5.99,4.91,3.57,3.21,3.16,3.29,4.12,4.47,3.75,5.65,7.08,6.15,6.73,5.53,5.65,5.7,8.37,8.51,HND,Americas,Central America,4.703548387096775,0.7400000000000002,-0.28000000000000025,-4.249999999999999
72,"Hong Kong SAR, China",HKG,1.8,1.96,1.96,1.9,3.22,2.83,2.22,4.58,6.25,4.92,5.09,7.28,7.86,6.74,5.58,4.77,4.01,3.56,5.26,4.33,3.42,3.29,3.4,3.3,3.31,3.39,3.13,2.82,2.93,5.83,5.32,HKG,Asia,Eastern Asia,4.072903225806452,-3.12,0.5899999999999999,-1.5
73,Hungary,HUN,8.5,9.94,12.1,10.85,10.17,10.02,8.99,8.93,6.93,6.56,5.67,5.61,5.79,5.83,7.19,7.49,7.41,7.82,10.03,11.17,11.03,11.0,10.18,7.73,6.81,5.11,4.16,3.71,3.42,4.25,4.12,HUN,Europe,Eastern Europe,7.694193548387097,1.9400000000000004,-4.61,6.92
74,Iceland,ISL,2.55,4.31,5.26,5.33,5.2,3.6,3.72,3.07,2.18,1.94,1.87,2.99,4.0,4.03,2.55,2.83,2.25,2.95,7.22,7.56,7.03,6.0,5.38,4.9,3.98,2.98,2.74,2.7,3.51,5.48,5.4,ISL,Europe,Northern Europe,4.048709677419356,0.6099999999999999,-5.619999999999999,2.079999999999999
75,India,IND,5.6,5.73,5.69,5.74,5.76,5.74,5.61,5.67,5.74,5.56,5.58,5.53,5.64,5.63,5.61,5.6,5.57,5.41,5.54,5.55,5.43,5.41,5.42,5.44,5.43,5.42,5.36,5.33,5.27,8.0,5.98,IND,Asia,Southern Asia,5.64483870967742,0.040000000000000036,0.009999999999999787,-2.45
76,Indonesia,IDN,2.62,2.73,2.78,4.37,4.6,4.86,4.68,5.46,6.36,6.08,6.08,6.6,6.66,7.3,7.94,7.55,8.06,7.21,6.11,5.61,5.15,4.47,4.34,4.05,4.51,4.3,3.88,4.4,3.62,4.28,4.41,IDN,Asia,South-Eastern Asia,5.195806451612903,-3.46,0.46999999999999975,1.33
77,"Iran, Islamic Rep.",IRN,11.1,10.83,10.44,10.05,9.57,9.1,9.78,10.38,11.02,11.57,12.28,12.8,11.51,10.3,11.81,11.52,10.77,10.63,12.11,13.68,12.49,12.27,10.6,10.68,11.17,12.62,12.23,12.19,10.74,12.17,11.46,IRN,Asia,Southern Asia,11.286129032258069,-0.47000000000000064,-2.1099999999999994,1.5099999999999998
78,Iraq,IRQ,9.13,8.91,8.89,8.97,8.96,8.87,8.77,8.76,8.75,8.73,8.81,8.85,8.82,8.61,8.71,8.65,8.65,8.48,8.39,8.25,8.12,7.96,9.26,10.59,10.73,10.82,13.02,12.97,12.86,14.09,14.19,IRQ,Asia,Western Asia,9.663548387096775,0.40000000000000036,0.4800000000000004,-5.84
79,Ireland,IRL,15.78,15.03,15.59,14.57,11.98,11.72,10.2,7.7,5.8,4.32,3.68,4.22,4.48,4.49,4.34,4.41,4.98,6.77,12.61,14.53,15.35,15.45,13.73,11.86,9.91,8.37,6.71,5.74,4.95,5.62,6.63,IRL,Europe,Northern Europe,9.081290322580644,11.459999999999999,-10.209999999999999,8.91
80,Israel,ISR,13.39,14.08,12.74,9.93,8.78,8.46,9.75,10.75,11.18,11.1,11.81,12.89,13.51,13.03,11.34,10.71,9.38,7.7,9.53,8.48,7.14,6.86,6.21,5.89,5.25,4.8,4.22,4.0,3.8,4.33,5.05,ISR,Asia,Western Asia,8.906129032258066,2.290000000000001,2.619999999999999,4.15
81,Italy,ITA,10.1,9.33,10.24,11.09,11.67,11.87,12.0,12.12,11.69,10.84,9.6,9.21,8.87,7.87,7.73,6.78,6.08,6.72,7.75,8.36,8.36,10.65,12.15,12.68,11.9,11.69,11.21,10.61,9.95,9.16,9.83,ITA,Europe,Southern Europe,9.939032258064518,-0.7400000000000002,2.4800000000000004,-0.8000000000000007
82,Jamaica,JAM,15.74,15.75,16.32,15.34,16.23,16.01,16.35,15.5,15.74,15.54,14.93,14.19,11.73,12.21,11.26,10.32,9.75,10.59,11.36,12.37,12.7,13.93,15.25,13.74,13.51,13.19,11.63,9.1,7.69,9.48,9.18,JAM,Americas,Caribbean,13.11709677419355,0.20000000000000107,3.17,2.889999999999999
83,Japan,JPN,2.1,2.2,2.5,2.9,3.2,3.4,3.4,4.1,4.7,4.75,5.02,5.39,5.25,4.73,4.45,4.19,3.89,4.0,5.07,5.1,4.55,4.36,4.0,3.6,3.4,3.1,2.8,2.4,2.4,2.8,2.8,JPN,Asia,Eastern Asia,3.759677419354839,-2.65,-0.34999999999999964,2.3
84,Jordan,JOR,19.51,19.27,19.7,17.17,14.6,13.7,13.69,13.7,13.71,13.7,14.7,15.3,14.5,14.58,14.8,14.0,13.1,12.7,12.9,12.5,12.9,12.2,12.6,11.9,13.08,15.28,18.14,18.27,16.81,19.03,19.25,JOR,Asia,Western Asia,15.07387096774193,5.810000000000002,1.1999999999999993,-6.530000000000001
85,Kazakhstan,KAZ,0.9,1.0,1.11,7.54,10.98,12.96,13.01,13.13,13.46,12.75,10.43,9.33,8.78,8.4,8.13,7.79,7.26,6.63,6.55,5.77,5.39,5.29,5.2,5.06,4.93,4.96,4.9,4.85,4.8,4.89,4.9,KAZ,Asia,Central Asia,7.131612903225807,-11.85,6.98,0.8799999999999999
86,Kenya,KEN,3.12,3.12,3.1,3.08,3.06,3.05,3.06,3.03,3.02,3.02,2.99,3.0,2.97,2.94,2.92,2.91,2.89,2.92,2.88,2.84,2.84,2.83,2.81,2.8,2.78,2.76,3.51,4.25,5.01,5.73,5.74,KEN,Africa,Eastern Africa,3.2574193548387105,0.10000000000000009,0.18000000000000016,-2.8900000000000006
87,"Korea, Dem. People's Rep.",PRK,2.3,2.31,2.42,2.54,2.55,2.6,2.68,2.83,2.97,2.93,2.94,2.9,2.91,2.86,2.84,2.81,2.82,2.77,2.78,2.71,2.78,2.81,2.8,2.74,2.74,2.76,2.7,2.63,2.59,2.92,2.59,PRK,Asia,Eastern Asia,2.726774193548388,-0.6300000000000003,0.2200000000000002,-0.20999999999999996
88,"Korea, Rep.",KOR,2.41,2.51,2.88,2.48,2.06,2.05,2.61,6.96,6.34,4.06,3.7,3.05,3.35,3.42,3.48,3.25,3.01,2.96,3.36,3.32,2.99,2.81,2.75,3.08,3.55,3.65,3.65,3.82,3.75,3.93,3.53,KOR,Asia,Eastern Asia,3.3796774193548385,-1.6499999999999995,0.7399999999999998,-0.6100000000000003
89,Kuwait,KWT,0.88,0.81,0.8,0.7,0.7,0.7,0.7,0.7,0.7,0.8,0.8,1.1,1.3,1.7,1.5,1.3,1.5,1.75,1.64,1.82,2.04,2.32,2.62,2.9,2.2,2.16,2.2,2.16,2.17,3.54,3.71,KWT,Asia,Western Asia,1.6103225806451613,0.07999999999999996,-1.02,-1.72
90,Kyrgyz Republic,KGZ,1.0,1.1,3.4,4.7,5.6,7.3,7.5,8.9,8.4,7.54,7.84,12.55,9.92,8.53,8.11,8.27,8.1,8.22,8.41,8.64,8.53,8.43,8.33,8.05,7.56,7.21,6.89,6.89,6.92,8.71,9.1,KGZ,Asia,Central Asia,7.4403225806451605,-6.54,-1.1000000000000005,-0.07000000000000028
91,Lao PDR,LAO,2.53,2.51,2.55,2.47,2.6,2.49,2.38,2.42,2.11,2.06,1.94,1.8,1.66,1.51,1.35,1.19,1.1,0.97,0.85,0.71,0.73,0.74,0.75,0.76,0.78,0.79,0.81,0.83,0.85,1.03,1.26,LAO,Asia,South-Eastern Asia,1.5009677419354837,0.46999999999999975,1.35,-0.32000000000000006
92,Latvia,LVA,2.7,6.6,16.7,18.7,19.0,20.7,14.9,14.46,13.79,14.21,13.82,13.83,12.06,11.71,10.03,7.03,6.05,7.74,17.51,19.48,16.21,15.05,11.87,10.85,9.87,9.64,8.72,7.41,6.31,8.1,7.6,LVA,Europe,Northern Europe,12.020967741935488,-11.510000000000002,-5.27,11.38
93,Lebanon,LBN,8.37,8.36,8.44,8.49,8.52,8.49,8.62,8.49,8.44,8.31,8.19,8.09,7.99,7.85,8.28,8.68,8.98,7.67,6.35,6.84,7.39,7.85,8.31,8.81,9.32,9.78,10.27,10.8,11.35,13.3,14.49,LBN,Asia,Western Asia,8.874838709677418,0.05999999999999872,1.4700000000000006,-6.460000000000001
94,Lesotho,LSO,36.12,36.39,36.74,36.98,37.34,37.59,37.94,37.16,36.35,35.46,34.63,33.86,32.96,32.18,31.31,30.46,29.62,28.76,28.02,27.08,26.24,25.37,24.58,24.22,23.84,23.48,23.2,22.81,22.44,24.56,24.6,LSO,Africa,Southern Africa,30.39645161290323,0.6599999999999966,8.380000000000003,2.5199999999999996
95,Liberia,LBR,2.23,2.2,2.17,2.15,2.09,2.05,2.05,2.05,2.08,2.08,2.13,2.14,2.18,2.17,2.19,2.2,2.21,2.23,2.25,2.27,2.22,2.17,2.12,2.08,2.08,3.08,3.05,3.03,3.02,3.98,4.09,LBR,Africa,Western Africa,2.3883870967741934,0.1499999999999999,-0.18999999999999995,-1.71
96,Libya,LBY,19.85,20.02,20.0,19.91,20.03,19.83,19.83,19.79,19.75,19.67,19.7,19.65,19.46,19.51,19.39,19.41,19.38,19.38,19.37,19.27,19.39,19.03,19.45,19.46,19.53,19.53,19.37,19.45,19.66,20.07,19.58,LBY,Africa,Northern Africa,19.603870967741937,0.17999999999999972,0.40000000000000213,-0.8000000000000007
97,Lithuania,LTU,1.1,1.2,13.8,13.8,17.54,16.4,14.13,13.71,13.39,15.93,16.84,13.01,12.87,10.68,8.32,5.78,4.25,5.83,13.79,17.81,15.39,13.36,11.77,10.7,9.12,7.86,7.07,6.15,6.26,8.49,7.9,LTU,Europe,Northern Europe,10.782258064516126,-14.83,-1.879999999999999,9.319999999999999
98,Luxembourg,LUX,1.48,2.03,2.33,3.48,2.92,3.29,2.53,2.76,2.39,2.35,1.81,2.62,3.68,5.11,4.49,4.73,4.07,5.06,5.12,4.36,4.9,5.14,5.85,5.85,6.67,6.29,5.52,5.59,5.59,6.77,5.23,LUX,Europe,Western Europe,4.193870967741935,-0.8700000000000001,-2.0100000000000002,-2.4099999999999993
99,"Macao SAR, China",MAC,3.01,2.2,2.06,2.48,3.58,4.25,3.26,4.61,6.35,6.87,6.39,6.27,6.0,4.9,4.16,3.82,3.27,3.0,3.58,2.84,2.56,1.97,1.82,1.7,1.81,1.94,1.99,1.83,1.75,2.57,3.01,MAC,Asia,Eastern Asia,3.414516129032257,-3.8600000000000003,4.03,0.27
100,Madagascar,MDG,4.95,4.99,5.08,5.19,5.28,5.37,5.47,5.57,5.68,5.8,5.35,5.35,5.01,3.83,2.62,2.94,3.26,3.58,3.97,4.28,2.44,0.6,1.0,1.39,1.79,1.8,1.82,1.84,1.86,2.47,2.59,MDG,Africa,Eastern Africa,3.650645161290323,-0.8499999999999996,1.5199999999999996,1.81
101,Malawi,MWI,5.61,5.71,5.64,5.76,5.63,5.7,5.73,5.75,5.77,5.79,5.84,5.81,5.8,5.82,5.84,5.85,5.84,5.86,5.87,5.89,5.92,5.95,5.95,5.9,5.86,5.82,5.76,5.76,5.75,6.7,7.02,MWI,Africa,Eastern Africa,5.8677419354838705,-0.17999999999999972,-0.09999999999999964,-0.8100000000000005
102,Malaysia,MYS,3.65,3.71,4.11,3.65,3.15,2.52,2.45,3.2,3.43,3.0,3.53,3.48,3.61,3.54,3.53,3.31,3.23,3.32,3.66,3.39,3.05,3.1,3.16,2.88,3.1,3.44,3.41,3.3,3.26,4.5,4.61,MYS,Asia,South-Eastern Asia,3.3961290322580635,0.6499999999999999,-0.3900000000000001,-1.1099999999999999
103,Maldives,MDV,0.89,0.86,0.84,0.81,0.79,1.03,1.27,1.5,1.74,1.97,3.0,4.19,5.39,6.42,7.2,9.16,9.87,11.06,11.7,11.29,10.47,9.47,8.73,7.87,6.93,6.12,5.87,5.62,5.34,6.33,6.08,MDV,Asia,Southern Asia,5.477741935483872,-1.08,-9.319999999999999,4.959999999999999
104,Mali,MLI,3.52,3.54,3.47,3.43,3.4,3.33,3.3,4.05,4.82,5.63,6.3,7.16,7.9,8.75,9.69,10.7,11.71,10.49,9.29,8.07,6.9,6.65,6.35,6.38,7.73,7.57,7.41,7.43,7.44,7.7,7.72,MLI,Africa,Western Africa,6.704193548387095,-2.11,-2.4400000000000004,0.3700000000000001
105,Malta,MLT,6.15,6.16,6.18,6.2,6.22,6.24,6.26,6.28,6.3,6.32,7.11,6.9,7.49,7.32,6.92,6.8,6.47,5.98,6.89,6.85,6.38,6.2,6.11,5.72,5.38,4.69,4.0,3.66,3.62,4.26,3.5,MLT,Europe,Southern Europe,5.953548387096773,-0.16999999999999993,-0.5299999999999994,2.59
106,Mauritania,MRT,9.93,9.92,9.88,9.93,9.83,9.84,9.89,9.83,9.81,9.85,9.83,9.82,9.79,9.81,9.79,9.73,9.88,9.87,9.87,9.86,9.86,9.86,9.96,10.05,10.14,10.26,10.34,10.39,10.39,11.27,11.46,MRT,Africa,Western Africa,10.030322580645159,0.08000000000000007,-0.009999999999999787,-1.4100000000000001
107,Mauritius,MUS,9.63,9.6,9.61,9.6,9.59,9.5,9.43,9.35,9.3,9.18,9.14,8.2,8.25,8.34,9.52,9.04,8.48,7.17,7.26,7.65,7.45,7.47,7.32,7.47,7.41,6.81,6.75,6.43,6.33,7.41,7.41,MUS,Africa,Eastern Africa,8.261290322580644,0.45000000000000107,1.5299999999999994,0.2400000000000002
108,Mexico,MEX,3.15,3.24,3.37,4.44,7.1,5.47,4.24,3.73,2.6,2.65,2.63,3.0,3.46,3.94,3.56,3.57,3.63,3.87,5.36,5.3,5.17,4.89,4.91,4.81,4.31,3.86,3.42,3.28,3.48,4.45,4.38,MEX,Americas,Central America,4.040967741935484,0.5,-2.65,0.8499999999999996
109,Moldova,MDA,1.9,3.7,3.7,5.8,5.3,7.9,7.9,10.0,11.14,8.46,7.29,6.8,7.95,8.17,7.29,7.38,5.07,3.98,6.4,7.45,6.68,5.58,5.1,3.73,4.7,4.02,4.1,4.11,5.1,3.82,3.96,MDA,Europe,Eastern Europe,5.950967741935485,-6.5600000000000005,1.0100000000000007,3.6300000000000003
110,Mongolia,MNG,6.39,6.42,6.27,6.14,6.05,6.16,6.12,6.14,6.16,6.23,6.21,6.2,6.8,6.82,7.04,7.13,7.2,5.56,5.86,6.55,4.77,3.9,4.23,4.8,4.86,7.24,6.36,5.38,5.44,7.01,7.08,MNG,Asia,Eastern Asia,6.081290322580647,0.15999999999999925,-0.3199999999999994,-0.45999999999999996
111,Montenegro,MNE,25.42,25.59,25.8,26.72,27.55,27.91,27.96,28.12,27.59,28.59,28.74,29.13,29.52,30.01,30.31,25.1,19.4,17.15,19.09,19.65,19.67,19.97,19.5,18.0,17.54,17.72,16.07,15.17,15.12,17.9,18.49,MNE,Europe,Southern Europe,23.04838709677419,-3.169999999999998,8.940000000000001,1.75
112,Morocco,MAR,12.6,12.99,13.1,12.94,13.53,13.17,13.71,13.61,13.94,13.58,12.46,11.59,11.92,10.83,11.01,9.67,9.56,9.57,8.96,9.09,8.91,8.99,9.23,9.7,9.46,9.3,9.24,9.27,9.28,11.45,11.47,MAR,Africa,Northern Africa,11.100967741935483,-0.9800000000000004,4.49,-2.3599999999999994
113,Mozambique,MOZ,2.71,2.76,2.69,2.71,2.73,2.7,2.7,2.74,2.77,2.85,2.84,2.89,2.94,2.97,3.02,3.04,3.09,3.13,3.17,3.22,3.26,3.3,3.34,3.38,3.43,3.45,3.45,3.46,3.47,3.81,3.98,MOZ,Africa,Eastern Africa,3.0967741935483875,-0.14000000000000012,-0.3700000000000001,-0.5899999999999999
114,Myanmar,MMR,0.75,0.66,0.7,0.69,0.69,0.7,0.71,0.71,0.67,0.65,0.67,0.67,0.66,0.67,0.67,0.68,0.69,0.71,0.71,0.72,0.77,0.75,0.75,0.75,0.77,1.18,1.56,0.87,0.5,1.06,2.17,MMR,Asia,South-Eastern Asia,0.8035483870967743,0.09999999999999998,-0.06999999999999995,-0.3400000000000001
115,Namibia,NAM,19.14,19.21,19.38,19.4,21.06,22.77,24.45,23.08,21.69,20.3,20.8,21.23,21.72,22.09,22.22,22.14,22.16,22.19,22.21,22.12,19.46,16.77,19.03,18.52,20.91,23.35,21.64,19.88,19.99,21.45,21.68,NAM,Africa,Southern Africa,21.03354838709677,-1.1600000000000001,-1.8200000000000003,0.6700000000000017
116,Nepal,NPL,1.77,1.71,1.72,1.89,1.74,1.82,1.83,1.78,1.85,1.86,1.75,1.54,1.6,1.55,1.46,1.39,1.33,1.33,1.55,1.82,2.03,2.33,2.55,2.94,3.1,2.87,3.32,3.19,3.1,4.72,5.05,NPL,Asia,Southern Asia,2.209354838709677,-0.09000000000000008,0.040000000000000036,-2.8999999999999995
117,Netherlands,NLD,7.28,5.56,6.29,7.16,7.16,6.42,5.51,4.39,3.62,2.73,2.12,2.55,3.59,4.65,5.87,5.0,4.15,3.65,4.35,4.99,4.98,5.82,7.24,7.42,6.87,6.01,4.84,3.83,3.38,3.82,4.01,NLD,Europe,Western Europe,5.008387096774193,4.550000000000001,-2.2600000000000002,1.1700000000000004
118,New Caledonia,NCL,18.07,18.46,18.5,18.38,18.15,18.64,18.26,18.42,17.83,17.48,17.23,16.93,16.5,16.31,15.85,15.22,14.83,14.58,13.97,13.81,14.07,14.35,14.47,14.59,14.73,14.69,14.78,14.85,14.91,16.43,16.57,NCL,Oceania,Melanesia,16.18903225806452,0.5899999999999999,3.67,-2.619999999999999
119,New Zealand,NZL,10.61,10.67,9.8,8.35,6.46,6.29,6.86,7.72,7.02,6.13,5.43,5.28,4.75,4.01,3.81,3.86,3.66,4.17,6.12,6.56,6.49,6.93,5.84,5.43,5.41,5.15,4.74,4.33,4.11,4.59,4.12,NZL,Oceania,Australia and New Zealand,5.958064516129035,4.4799999999999995,-0.4299999999999997,1.9699999999999998
120,Nicaragua,NIC,6.93,6.97,7.05,7.01,7.0,7.05,7.17,7.24,7.21,7.35,7.45,7.58,7.6,6.41,5.37,5.31,4.89,6.2,8.16,7.83,6.5,5.21,5.28,4.52,4.7,3.9,3.3,5.2,5.21,6.08,5.96,NIC,Americas,Central America,6.246451612903228,-0.41999999999999993,-0.4800000000000004,1.75
121,Niger,NER,1.35,1.35,1.38,1.38,1.39,1.42,1.43,1.41,1.47,1.49,1.47,1.89,2.32,2.75,3.1,2.65,2.2,1.71,1.27,0.78,0.32,2.18,1.37,0.52,0.53,0.53,0.54,0.55,0.55,0.62,0.75,NER,Africa,Western Africa,1.3764516129032256,-0.1399999999999999,0.71,0.16000000000000003
122,Nigeria,NGA,4.12,4.09,4.1,4.09,4.06,4.03,4.01,4.0,3.99,3.95,3.93,3.88,3.9,3.88,3.87,3.86,3.84,3.82,3.8,3.78,3.77,3.74,3.7,4.56,4.31,7.06,8.39,8.46,8.53,9.71,9.79,NGA,Africa,Western Africa,4.871612903225807,0.16999999999999993,0.17000000000000037,-5.9300000000000015
123,North Macedonia,MKD,24.5,26.3,27.7,30.0,35.6,38.8,36.0,34.5,32.4,32.2,30.52,31.94,36.69,37.16,37.25,36.03,34.93,33.76,32.18,32.02,31.38,31.02,29.0,28.03,26.07,23.72,22.38,20.74,17.26,17.2,16.2,MKD,Europe,Southern Europe,29.789677419354835,-7.700000000000003,0.17999999999999972,14.820000000000004
124,Norway,NOR,5.41,5.91,5.97,5.35,6.31,5.04,4.69,3.74,3.25,3.46,3.74,4.02,4.22,4.26,4.38,3.4,2.49,2.55,3.1,3.52,3.21,3.12,3.42,3.48,4.3,4.68,4.16,3.8,3.69,4.42,4.99,NOR,Europe,Northern Europe,4.131612903225806,1.9500000000000002,-0.06000000000000005,-0.8999999999999999
125,Oman,OMN,4.01,4.01,4.07,4.11,4.1,4.13,4.09,4.14,4.18,4.09,4.13,4.2,4.23,4.18,4.18,4.15,4.18,4.14,4.05,3.99,3.87,3.68,3.62,3.54,3.39,3.27,2.57,1.8,1.85,2.94,3.12,OMN,Asia,Western Asia,3.7422580645161294,-0.08000000000000007,0.09999999999999964,1.0500000000000003
126,Pakistan,PAK,0.62,0.66,0.56,0.59,0.6,0.6,0.54,0.56,0.57,0.58,0.56,0.55,0.59,0.61,0.59,0.58,0.4,0.42,0.54,0.65,0.8,1.85,2.95,1.83,3.57,3.78,3.92,4.08,3.54,4.3,4.35,PAK,Asia,Southern Asia,1.4948387096774194,0.040000000000000036,-0.07000000000000006,-3.65
127,Panama,PAN,3.73,3.76,3.8,3.81,3.79,3.78,3.77,3.77,3.82,3.81,3.82,3.79,3.79,3.74,3.75,3.7,3.68,3.74,3.85,3.72,2.38,2.39,2.29,2.71,2.98,3.26,3.86,3.83,4.73,12.85,12.09,PAN,Americas,Central America,4.154516129032258,-0.08000000000000007,0.08999999999999986,-9.129999999999999
128,Papua New Guinea,PNG,2.54,2.49,2.43,2.65,2.84,2.65,2.89,2.9,2.82,2.92,2.8,2.73,2.62,2.54,2.41,2.36,2.24,2.31,2.12,2.0,2.62,2.54,2.55,2.38,2.48,2.48,2.51,2.56,2.45,2.6,2.75,PNG,Oceania,Melanesia,2.554193548387097,-0.3799999999999999,0.9199999999999999,-0.6000000000000001
129,Paraguay,PRY,5.1,4.98,5.06,4.41,3.4,8.15,5.36,4.42,5.34,7.61,6.21,9.39,6.81,6.51,4.82,5.28,4.71,4.42,5.46,4.57,4.67,4.09,4.38,5.03,4.56,5.25,4.61,6.22,6.59,7.55,7.21,PRY,Americas,South America,5.553870967741937,-2.5100000000000007,3.04,-2.9799999999999995
130,Peru,PER,4.56,4.72,4.5,4.25,4.48,4.72,4.59,4.95,4.9,4.88,5.03,4.84,4.15,4.7,4.88,4.18,4.04,4.04,3.98,3.58,3.48,3.24,3.57,3.21,3.27,3.74,3.69,3.49,3.38,7.18,4.83,PER,Americas,South America,4.291935483870967,-0.3200000000000003,1.2999999999999998,-3.5999999999999996
131,Philippines,PHL,3.78,3.75,3.7,3.63,3.63,3.59,3.62,3.81,3.69,3.65,3.7,3.63,3.53,3.55,3.8,4.05,3.43,3.72,3.86,3.61,3.59,3.5,3.5,3.6,3.07,2.7,2.55,2.34,2.24,2.52,2.41,PHL,Asia,South-Eastern Asia,3.411290322580644,0.1299999999999999,0.040000000000000036,1.0899999999999999
132,Poland,POL,12.98,13.65,14.39,14.83,13.7,12.68,10.96,9.94,12.29,16.31,18.37,19.89,19.37,19.07,17.75,13.84,9.6,7.12,8.17,9.64,9.63,10.09,10.33,8.99,7.5,6.16,4.89,3.85,3.28,3.16,3.37,POL,Europe,Eastern Europe,11.154838709677419,-3.3299999999999983,6.669999999999998,6.48
133,Portugal,PRT,3.92,3.98,5.3,6.71,7.06,7.3,6.57,4.65,4.58,3.81,3.83,4.5,6.13,6.32,7.58,7.65,7.96,7.55,9.43,10.77,12.68,15.53,16.18,13.89,12.44,11.07,8.87,6.99,6.46,6.79,6.65,PRT,Europe,Southern Europe,7.843548387096774,0.10999999999999988,-6.959999999999999,3.9799999999999995
134,Puerto Rico,PRI,16.18,16.93,16.91,14.6,13.93,13.64,13.8,13.46,11.81,10.08,11.4,11.94,11.78,10.31,11.35,11.01,10.93,11.48,15.0,16.1,15.7,14.5,14.3,13.9,12.0,11.8,10.8,9.2,8.3,8.89,8.27,PRI,Americas,Caribbean,12.590322580645159,6.1,-6.020000000000001,7.210000000000001
135,Qatar,QAT,0.81,0.81,0.81,0.82,0.82,0.83,0.83,0.83,0.84,0.84,0.85,0.85,0.86,0.86,0.87,0.87,0.52,0.31,0.31,0.45,0.56,0.48,0.28,0.2,0.17,0.15,0.14,0.11,0.1,0.21,0.26,QAT,Asia,Western Asia,0.5693548387096775,-0.029999999999999916,0.38999999999999996,0.24000000000000002
136,Romania,ROU,8.07,8.26,8.36,8.17,8.01,6.74,5.51,5.63,6.24,6.97,6.56,8.11,6.95,7.72,7.17,7.27,6.41,5.79,6.86,6.96,7.18,6.79,7.1,6.8,6.81,5.9,4.93,4.19,3.91,5.03,5.17,ROU,Europe,Eastern Europe,6.631290322580646,1.1000000000000005,0.009999999999999787,1.9299999999999997
137,Russian Federation,RUS,5.41,5.18,5.88,8.13,9.45,9.67,11.81,13.26,13.04,10.58,8.98,7.88,8.21,7.76,7.12,7.06,6.0,6.21,8.3,7.37,6.54,5.44,5.46,5.16,5.57,5.56,5.21,4.85,4.5,5.59,5.01,RUS,Europe,Eastern Europe,7.296451612903227,-5.17,3.21,1.7800000000000002
138,Rwanda,RWA,0.3,0.34,0.41,0.47,0.5,0.56,0.61,0.68,0.74,0.79,0.84,0.89,0.94,0.95,0.96,0.99,1.01,1.02,1.06,1.08,1.1,1.12,1.15,1.17,1.15,1.14,1.14,1.11,1.1,1.49,1.61,RWA,Africa,Eastern Africa,0.9167741935483871,-0.49000000000000005,-0.29000000000000004,-0.4099999999999999
139,Samoa,WSM,2.1,2.38,2.63,3.04,3.19,3.47,3.9,4.18,4.48,4.66,4.96,5.1,5.16,5.22,5.29,5.42,5.36,5.58,5.83,5.73,5.68,8.75,8.67,8.72,8.5,8.31,8.58,8.69,8.41,9.15,9.84,WSM,Oceania,Polynesia,5.838064516129032,-2.56,-1.0700000000000003,-3.42
140,Sao Tome and Principe,STP,14.38,14.39,14.39,14.37,14.38,14.39,14.39,14.37,14.37,14.4,15.73,17.63,16.36,16.12,16.47,16.65,16.23,15.63,15.2,14.6,14.11,13.59,13.65,13.7,13.82,13.89,13.97,14.06,14.14,15.75,15.91,STP,Africa,Middle Africa,14.87225806451613,-0.019999999999999574,-0.1999999999999993,-1.1500000000000004
141,Saudi Arabia,SAU,7.07,7.2,6.85,6.41,6.0,5.56,5.15,4.72,4.35,4.57,4.62,5.27,5.56,5.82,6.05,6.25,5.73,5.08,5.38,5.55,5.77,5.52,5.57,5.72,5.59,5.65,5.89,6.04,5.67,7.45,7.36,SAU,Asia,Western Asia,5.7877419354838695,2.5,-0.9799999999999995,-1.9000000000000004
142,Senegal,SEN,5.57,5.59,5.59,5.61,5.57,5.6,5.6,5.58,5.58,5.61,5.61,5.65,6.69,7.79,8.9,10.03,10.08,10.13,10.21,10.26,10.36,9.44,8.58,7.65,6.76,4.46,3.69,3.28,2.86,3.62,3.72,SEN,Africa,Western Africa,6.634516129032259,-0.040000000000000036,-4.6499999999999995,6.64
143,Serbia,SRB,13.33,12.94,12.82,13.4,13.4,13.2,13.8,13.7,13.7,12.6,12.8,13.8,15.2,18.5,20.85,20.85,18.06,13.7,16.14,19.22,22.97,24.0,22.15,19.22,17.66,15.26,13.48,12.73,10.39,9.01,11.81,SRB,Europe,Southern Europe,15.506129032258066,0.7300000000000004,-6.619999999999999,10.209999999999999
144,Sierra Leone,SLE,3.46,3.51,3.46,3.47,3.48,3.45,3.47,3.45,3.45,3.43,3.46,3.39,3.42,3.42,3.55,3.67,3.79,3.92,4.05,4.17,4.29,4.4,4.51,4.68,4.74,4.66,4.66,4.66,4.65,5.2,5.33,SLE,Africa,Western Africa,3.9758064516129035,0.029999999999999805,-0.7399999999999998,-1.0300000000000002
145,Singapore,SGP,2.18,3.09,3.07,3.03,3.3,3.57,2.5,3.41,4.85,3.7,3.76,5.65,5.93,5.84,5.59,4.48,3.9,3.96,5.86,4.12,3.89,3.72,3.86,3.74,3.79,4.08,4.2,3.64,3.1,4.1,3.62,SGP,Asia,South-Eastern Asia,3.9848387096774194,-1.52,-0.41999999999999993,0.020000000000000462
146,Slovak Republic,SVK,11.58,11.87,12.2,13.65,13.11,11.34,11.89,12.19,15.95,19.06,19.38,18.72,17.12,18.6,16.26,13.37,11.14,9.51,12.03,14.38,13.62,13.96,14.22,13.18,11.48,9.67,8.13,6.54,5.75,6.69,6.74,SVK,Europe,Eastern Europe,12.688064516129034,-7.479999999999999,4.679999999999998,7.69
147,Slovenia,SVN,7.08,7.68,8.51,8.24,7.15,6.91,6.65,7.39,7.32,6.92,5.68,5.92,6.48,6.01,6.51,5.95,4.82,4.37,5.86,7.24,8.17,8.84,10.1,9.67,8.96,8.0,6.56,5.11,4.45,4.97,4.42,SVN,Europe,Southern Europe,6.836774193548387,0.16000000000000014,-0.3200000000000003,2.2700000000000005
148,Solomon Islands,SLB,1.32,1.25,1.4,1.36,1.36,1.53,1.61,1.59,1.66,2.03,1.91,1.83,1.66,1.7,1.76,1.82,1.88,1.89,2.02,1.58,1.3,1.05,0.69,0.73,0.73,0.7,0.71,0.72,0.75,0.92,1.03,SLB,Oceania,Melanesia,1.3706451612903223,-0.7099999999999997,0.44999999999999973,0.66
149,Somalia,SOM,19.19,19.27,19.16,19.33,19.14,19.1,19.14,19.08,19.06,19.05,19.04,19.02,19.02,19.02,19.01,19.01,18.9,18.92,18.94,18.96,18.98,18.97,18.95,18.93,18.9,18.89,18.88,18.85,18.83,19.72,19.86,SOM,Africa,Eastern Africa,19.068387096774195,0.14000000000000057,0.08999999999999986,-0.759999999999998
150,South Africa,ZAF,29.95,29.98,29.92,29.89,29.89,29.87,29.91,29.95,29.91,29.88,30.69,33.29,32.31,29.45,29.12,28.34,26.54,22.41,23.52,24.68,24.64,24.73,24.56,24.89,25.15,26.54,27.04,26.91,28.47,29.22,33.56,ZAF,Africa,Southern Africa,28.232580645161285,0.07000000000000028,5.199999999999999,-4.539999999999999
151,South Sudan,SSD,11.91,11.95,11.98,12.02,12.0,12.01,12.0,12.05,12.06,12.06,12.07,12.08,12.09,12.12,12.11,12.11,12.11,12.15,12.18,12.18,12.2,12.2,12.13,12.19,12.27,12.3,12.25,12.24,12.23,14.03,13.91,SSD,Africa,Eastern Africa,12.231935483870972,-0.15000000000000036,-0.11999999999999922,-1.8499999999999996
152,Spain,ESP,15.93,17.7,22.16,24.21,22.67,22.14,20.7,18.67,15.48,13.79,10.35,11.15,11.28,11.09,9.15,8.45,8.23,11.25,17.86,19.86,21.39,24.79,26.09,24.44,22.06,19.63,17.22,15.25,14.1,15.53,14.73,ESP,Europe,Southern Europe,17.011290322580646,2.1400000000000006,-6.07,4.33
153,Sri Lanka,LKA,14.66,14.22,13.82,13.03,12.27,11.35,10.6,9.17,8.88,7.74,7.9,8.76,8.22,8.38,7.67,6.5,5.97,5.22,5.85,4.78,4.12,3.88,4.24,4.19,4.52,4.24,4.05,4.32,4.35,5.88,5.39,LKA,Asia,Southern Asia,7.5538709677419345,6.92,2.96,-1.0999999999999996
154,St. Lucia,LCA,16.91,16.73,16.8,17.0,15.83,16.33,20.47,21.6,18.09,16.49,18.52,20.39,22.18,20.97,18.7,16.0,14.0,12.72,15.37,17.11,18.86,19.06,22.21,21.3,20.56,19.65,18.86,19.08,15.32,16.89,16.91,LCA,Americas,Caribbean,18.09387096774194,0.4200000000000017,-0.620000000000001,0.21999999999999886
155,St. Vincent and the Grenadines,VCT,19.77,19.69,19.74,20.19,19.99,20.38,20.44,20.57,20.77,20.95,21.1,20.59,20.21,20.02,19.75,19.23,19.06,18.79,18.96,19.05,18.99,18.97,18.99,19.05,19.09,19.11,19.18,19.18,19.28,21.0,21.62,VCT,Americas,Caribbean,19.797096774193545,-1.1799999999999997,1.8999999999999986,-1.9499999999999993
156,Sudan,SDN,15.55,15.56,15.56,15.56,15.46,15.42,15.33,15.35,15.31,15.23,15.18,15.13,15.07,15.05,14.97,14.89,14.82,14.8,13.0,15.2,17.44,17.45,17.41,17.43,17.49,17.52,17.53,17.58,17.65,19.65,19.81,SDN,Africa,Northern Africa,16.10967741935484,0.3200000000000003,0.030000000000001137,-4.449999999999999
157,Suriname,SUR,17.07,17.28,15.64,12.7,8.39,10.88,10.56,10.63,13.6,12.74,11.91,11.15,10.31,9.49,9.38,9.19,9.03,8.88,8.72,7.15,7.54,8.1,6.6,6.94,7.22,7.92,7.9,7.93,8.04,9.78,10.06,SUR,Americas,South America,10.08806451612903,4.33,5.59,-2.629999999999999
158,Sweden,SWE,3.24,5.72,9.33,9.58,8.9,9.55,10.36,8.94,7.61,5.47,4.73,4.97,5.55,6.69,7.49,7.07,6.16,6.23,8.35,8.61,7.8,7.98,8.05,7.95,7.43,6.99,6.72,6.36,6.83,8.29,8.66,SWE,Europe,Northern Europe,7.34225806451613,-2.2299999999999995,-3.1399999999999997,0.3200000000000003
159,Switzerland,CHE,1.78,2.81,3.72,3.88,3.33,3.71,4.2,3.6,3.15,2.67,2.49,2.92,4.12,4.32,4.44,4.0,3.65,3.35,4.12,4.8,4.4,4.48,4.75,4.83,4.8,4.92,4.8,4.71,4.39,4.82,5.32,CHE,Europe,Western Europe,3.9767741935483873,-0.8899999999999999,-2.13,-0.020000000000000462
160,Syrian Arab Republic,SYR,6.75,7.03,7.4,7.5,7.2,7.29,7.39,7.45,7.6,9.6,11.63,10.93,10.28,9.54,8.85,8.17,8.42,10.94,8.14,8.61,8.7,8.81,8.83,8.72,8.71,8.73,8.75,8.76,8.77,10.26,10.57,SYR,Asia,Western Asia,8.720322580645162,-2.8499999999999996,0.9900000000000002,-1.6500000000000004
161,Tajikistan,TJK,1.9,2.1,6.2,8.8,10.3,13.4,13.9,16.5,15.4,15.13,14.77,14.41,14.02,13.61,13.13,12.74,12.37,11.98,11.5,10.89,10.24,9.58,8.91,8.23,7.55,6.9,6.95,7.01,7.06,7.58,7.75,TJK,Asia,Central Asia,10.348709677419356,-13.23,4.24,3.3100000000000005
162,Tanzania,TZA,3.6,3.56,3.5,3.44,3.36,3.29,3.24,3.19,3.12,3.06,2.99,3.04,3.11,3.16,3.23,3.3,3.03,2.77,2.5,2.99,3.47,3.23,2.93,2.12,2.14,2.16,2.18,2.21,2.22,2.53,2.65,TZA,Africa,Eastern Africa,2.9458064516129046,0.54,0.06999999999999984,0.4600000000000004
163,Thailand,THA,2.63,1.35,1.49,1.35,1.1,1.07,0.87,3.4,2.97,2.39,2.6,1.82,1.54,1.51,1.35,1.22,1.18,1.18,0.95,0.62,0.66,0.58,0.25,0.58,0.6,0.69,0.83,0.77,0.72,1.1,1.42,THA,Asia,South-Eastern Asia,1.315806451612903,0.23999999999999977,1.77,-0.4800000000000001
164,Timor-Leste,TLS,3.54,3.53,3.52,3.54,3.53,3.51,3.56,3.61,3.93,3.41,3.37,3.57,3.52,3.48,3.44,3.49,3.34,3.32,3.31,3.3,3.55,3.76,4.02,4.21,4.45,4.66,4.76,4.73,4.51,4.91,5.07,TLS,Asia,South-Eastern Asia,3.8209677419354837,0.1299999999999999,0.11000000000000032,-1.6100000000000003
165,Togo,TGO,3.66,3.71,3.79,3.7,3.76,3.79,3.81,3.91,3.93,3.98,4.02,4.05,4.08,4.16,4.22,4.23,3.8,3.34,2.88,2.43,1.98,2.03,2.09,2.14,2.2,2.97,3.74,3.73,3.72,3.94,4.0,TGO,Africa,Western Africa,3.4770967741935483,-0.31999999999999984,1.5499999999999998,-1.5099999999999998
166,Tonga,TON,1.31,1.38,1.3,1.66,1.98,2.49,2.89,3.24,3.58,4.08,4.34,4.66,5.18,4.01,2.49,1.09,1.25,1.35,1.67,1.74,1.79,2.07,2.24,2.37,2.55,2.57,2.82,3.07,3.06,3.63,3.97,TON,Oceania,Polynesia,2.6396774193548382,-2.77,2.34,-1.89
167,Trinidad and Tobago,TTO,18.52,19.66,19.81,18.44,17.22,16.25,15.01,14.21,13.12,12.1,10.88,10.39,10.48,8.33,7.95,6.27,5.54,4.63,5.28,4.03,3.43,3.72,2.68,2.48,2.43,3.21,3.28,3.34,3.42,4.57,4.8,TTO,Americas,Caribbean,8.886451612903224,6.42,8.07,-0.54
168,Tunisia,TUN,15.65,15.58,15.83,15.86,15.94,15.83,15.94,15.61,15.21,14.94,14.4,14.55,14.51,14.23,12.87,12.51,12.36,12.44,13.29,13.05,18.33,17.63,15.93,15.06,15.16,15.56,15.33,15.46,15.13,16.59,16.82,TUN,Africa,Northern Africa,15.083870967741934,0.7100000000000009,1.8899999999999988,-3.539999999999999
169,Turkiye,TUR,8.21,8.51,8.96,8.58,7.64,6.63,6.84,6.89,7.69,6.5,8.38,10.36,10.54,10.84,10.64,8.72,8.87,9.71,12.55,10.66,8.8,8.15,8.73,9.88,10.24,10.84,10.82,10.89,13.67,13.11,13.39,TUR,Asia,Western Asia,9.556129032258067,1.7100000000000009,-4.16,-2.4499999999999993
170,Turkmenistan,TKM,1.4,1.5,1.5,4.7,8.3,10.3,11.0,12.2,12.7,11.54,10.68,9.75,8.99,8.19,7.5,6.61,5.76,4.95,4.0,4.0,4.09,4.09,4.11,4.14,4.14,4.17,4.2,4.23,4.27,4.95,5.08,TKM,Asia,Central Asia,6.227096774193547,-10.139999999999999,7.539999999999999,-0.9500000000000002
171,Uganda,UGA,0.94,0.92,1.16,1.42,1.65,1.92,2.21,2.47,2.71,3.03,3.27,3.5,3.6,2.75,1.9,2.29,2.73,3.15,3.6,3.59,3.51,3.55,1.91,1.91,1.91,1.92,1.93,1.92,1.92,2.77,2.94,UGA,Africa,Eastern Africa,2.419354838709677,-2.09,-0.56,0.8199999999999998
172,Ukraine,UKR,1.9,1.9,2.0,2.0,5.62,7.65,8.93,11.32,11.86,11.71,11.06,10.14,9.06,8.59,7.18,6.81,6.35,6.36,8.84,8.1,7.85,7.53,7.17,9.27,9.14,9.35,9.5,8.8,8.19,9.13,8.88,UKR,Europe,Eastern Europe,7.812580645161291,-9.81,3.610000000000001,-1.0300000000000011
173,United Arab Emirates,ARE,1.87,1.84,1.85,1.81,1.8,1.9,1.98,2.14,2.22,2.25,2.49,2.65,2.75,2.91,3.12,2.94,2.87,2.74,2.68,2.48,2.3,2.18,2.04,1.91,1.77,1.64,2.46,2.35,2.23,3.19,3.36,ARE,Asia,Western Asia,2.345806451612903,-0.3799999999999999,-0.22999999999999998,-0.71
174,United Kingdom,GBR,8.55,9.78,10.35,9.65,8.69,8.19,7.07,6.2,6.04,5.56,4.7,5.04,4.81,4.59,4.75,5.35,5.26,5.62,7.54,7.79,8.04,7.88,7.52,6.11,5.3,4.81,4.33,4.0,3.74,4.47,4.53,GBR,Europe,Northern Europe,6.330967741935487,2.990000000000001,-2.2300000000000004,3.3200000000000003
175,United States,USA,6.8,7.5,6.9,6.12,5.65,5.45,5.0,4.51,4.22,3.99,4.73,5.78,5.99,5.53,5.08,4.62,4.62,5.78,9.25,9.63,8.95,8.07,7.37,6.17,5.28,4.87,4.36,3.9,3.67,8.05,5.46,USA,Americas,Northern America,5.912903225806453,2.8099999999999996,-5.640000000000001,1.58
176,Uruguay,URY,8.95,8.96,8.35,9.04,10.02,11.93,11.44,9.36,10.47,12.63,15.05,16.65,16.66,12.98,12.01,10.84,9.4,8.03,7.74,7.16,6.31,6.45,6.44,6.55,7.49,7.84,7.89,8.34,8.88,10.35,10.45,URY,Americas,South America,9.82774193548387,-3.6800000000000015,5.470000000000001,-3.1899999999999995
177,Uzbekistan,UZB,1.9,2.9,4.9,7.3,7.8,10.7,10.9,13.3,13.3,12.23,11.2,10.15,9.11,8.19,7.09,6.03,4.99,4.89,5.0,5.4,5.0,4.9,4.9,5.1,5.2,5.2,5.8,5.84,5.85,7.04,7.16,UZB,Asia,Central Asia,7.073225806451612,-10.33,6.83,-1.6399999999999997
178,Vanuatu,VUT,1.68,1.69,1.73,1.59,1.74,1.72,1.68,1.76,1.78,1.69,1.88,1.92,1.74,1.75,1.73,1.68,1.79,1.75,1.81,1.85,1.81,1.85,1.86,1.81,1.86,1.78,1.75,1.81,1.8,2.12,2.18,VUT,Oceania,Melanesia,1.7932258064516131,-0.010000000000000009,-0.16000000000000014,-0.27
179,"Venezuela, RB",VEN,9.45,7.69,6.6,8.56,10.24,11.77,11.16,11.15,14.53,13.99,13.04,16.17,16.78,15.07,10.66,8.61,7.28,6.25,6.1,7.11,6.9,6.6,7.54,6.86,6.08,5.32,5.05,5.02,5.1,6.63,6.41,VEN,Americas,South America,9.023225806451615,-4.540000000000001,6.88,0.4800000000000004
180,Vietnam,VNM,2.09,1.91,1.97,1.93,1.9,1.93,2.87,2.29,2.33,2.26,2.76,2.12,2.25,2.14,2.1,2.09,2.03,1.93,1.74,1.11,1.0,1.03,1.32,1.26,1.85,1.85,1.87,1.16,2.04,2.39,2.17,VNM,Asia,South-Eastern Asia,1.9254838709677418,-0.16999999999999993,1.1499999999999997,-1.28
181,Virgin Islands (U.S.),VIR,12.35,12.51,12.7,12.47,12.13,12.21,12.12,11.86,11.5,11.11,11.08,11.19,11.36,11.05,10.96,10.41,10.19,10.31,11.58,11.73,12.08,12.23,12.76,12.79,12.62,12.68,12.32,12.43,12.47,13.55,13.27,VIR,Americas,Caribbean,11.936129032258068,1.2400000000000002,-0.620000000000001,-1.8200000000000003
182,West Bank and Gaza,PSE,11.6,11.31,11.29,11.15,11.1,11.03,10.83,10.72,10.64,10.63,21.49,27.46,23.0,23.21,20.02,19.01,18.28,22.91,20.45,21.42,17.6,19.2,19.89,20.53,23.0,23.94,25.68,26.26,25.34,25.89,24.9,PSE,Asia,Western Asia,18.70258064516129,0.9699999999999989,-10.790000000000001,-4.469999999999999
183,"Yemen, Rep.",YEM,8.32,8.31,8.35,8.34,8.96,9.59,10.2,10.81,11.46,11.56,11.71,11.84,11.97,12.1,12.21,12.37,12.49,12.62,12.75,12.83,13.23,13.17,13.27,13.47,13.77,13.43,13.3,13.15,13.06,13.39,13.57,YEM,Asia,Western Asia,11.793548387096775,-3.24,-1.2699999999999996,-0.5600000000000005
184,Zambia,ZMB,18.9,19.37,19.7,18.43,16.81,15.3,13.64,12.0,12.44,12.93,13.51,14.12,14.69,15.3,15.9,13.24,10.59,7.93,10.56,13.19,10.55,7.85,8.61,9.36,10.13,10.87,11.63,12.01,12.52,12.85,13.03,ZMB,Africa,Eastern Africa,13.160000000000002,5.969999999999999,-0.2599999999999998,0.33999999999999986
185,Zimbabwe,ZWE,4.94,4.99,4.97,4.96,5.63,6.25,6.93,6.46,6.0,5.69,5.36,5.06,4.75,4.39,4.54,4.68,4.83,5.01,5.08,5.21,5.37,5.15,4.98,4.77,4.78,4.79,4.78,4.8,4.83,5.35,5.17,ZWE,Africa,Eastern Africa,5.17741935483871,-0.75,0.4800000000000004,-0.13999999999999968
